average_packet_length,average_packet_ps,average_payload,average_payload_receive,average_payload_sent,avg_inter_times,dport,dst_ip,first_packet_length,freq_packet_length,label,max_packet_size,med_inter_times,null_pkts,payload_per_sec,percent_of_sml_pkts,protocol,ratio_incoming_outgoing,small_pkts,sport,src_ip,stddev_packet_length,total_duration,total_pkts,var_packet_size
114.0,1.7492097701917355,72.0,0,0,643147.5625,21963,186.50.139.76,114,1.0,Botnet,114,634294.125,0,0.00012594310345380498,100.0,1,0,9,15931,10.0.2.15,0.0,5145180.5,9,0.0
150.89473684210526,3.3575143579021067,108.89473684210527,0,0,314386.01388888893,12054,186.18.3.72,114,0.4736842105263158,Botnet,283,206911.625,0,0.0003656156424473399,100.0,1,0,19,15931,10.0.2.15,55.9152504729887,5658948.25,19,3126.515235457064
141.17647058823533,3.0371785040475534,99.17647058823529,0,0,349831.265625,20205,82.231.139.51,114,0.5294117647058824,Botnet,259,425204.75,0,0.00030121664457789267,100.0,1,0,17,15931,10.0.2.15,49.3096283332858,5597300.25,17,2431.439446366782
114.0,1.7475270914028027,72.0,0,0,643766.84375,16912,78.146.226.35,114,1.0,Botnet,114,634251.375,0,0.0001258219505810018,100.0,1,0,9,15931,10.0.2.15,0.0,5150134.75,9,0.0
114.0,1.677536247247967,72.0,0,0,670626.34375,28172,82.216.40.29,114,1.0,Botnet,114,642431.5,0,0.0001207826098018536,100.0,1,0,9,15931,10.0.2.15,0.0,5365010.75,9,0.0
114.0,1.677536247247967,72.0,0,0,670626.34375,12498,95.233.190.157,114,1.0,Botnet,114,642431.5,0,0.0001207826098018536,100.0,1,0,9,15931,10.0.2.15,0.0,5365010.75,9,0.0
114.0,1.6775001333845592,72.0,0,0,670640.78125,22820,151.33.127.233,114,1.0,Botnet,114,642406.25,0,0.00012078000960368828,100.0,1,0,9,15931,10.0.2.15,0.0,5365126.25,9,0.0
114.0,1.6764534292413713,72.0,0,0,671059.5,11030,79.8.8.206,114,1.0,Botnet,114,642406.25,0,0.00012070464690537871,100.0,1,0,9,15931,10.0.2.15,0.0,5368476.0,9,0.0
114.0,1.6767649837814906,72.0,0,0,670934.8125,29135,125.237.8.198,114,1.0,Botnet,114,642406.25,0,0.0001207270788322673,100.0,1,0,9,15931,10.0.2.15,0.0,5367478.5,9,0.0
114.0,1.6767649837814906,72.0,0,0,670934.8125,20852,77.165.95.222,114,1.0,Botnet,114,641906.625,0,0.0001207270788322673,100.0,1,0,9,15931,10.0.2.15,0.0,5367478.5,9,0.0
114.0,1.6767757614238732,72.0,0,0,670930.5,21159,2.192.219.237,114,1.0,Botnet,114,642407.375,0,0.00012072785482251887,100.0,1,0,9,15931,10.0.2.15,0.0,5367444.0,9,0.0
114.0,1.6764645151604085,72.0,0,0,671055.0625,21272,108.28.164.88,114,1.0,Botnet,114,642407.375,0,0.00012070544509154941,100.0,1,0,9,15931,10.0.2.15,0.0,5368440.5,9,0.0
114.0,1.6767752147285326,72.0,0,0,670930.71875,28784,84.127.116.2,114,1.0,Botnet,114,641907.5,0,0.00012072781546045437,100.0,1,0,9,15931,10.0.2.15,0.0,5367445.75,9,0.0
114.0,1.6767752147285326,72.0,0,0,670930.71875,25316,2.49.200.77,114,1.0,Botnet,114,642388.875,0,0.00012072781546045437,100.0,1,0,9,15931,10.0.2.15,0.0,5367445.75,9,0.0
114.0,1.67646342217596,72.0,0,0,671055.5,28772,79.56.195.50,114,1.0,Botnet,114,642388.875,0,0.00012070536639666911,100.0,1,0,9,15931,10.0.2.15,0.0,5368444.0,9,0.0
114.0,1.676774824232079,72.0,0,0,670930.875,23386,67.175.176.31,114,1.0,Botnet,114,641891.625,0,0.00012072778734470966,100.0,1,0,9,15931,10.0.2.15,0.0,5367447.0,9,0.0
114.0,1.676774824232079,72.0,0,0,670930.875,21177,201.102.118.31,114,1.0,Botnet,114,642407.875,0,0.00012072778734470966,100.0,1,0,9,15931,10.0.2.15,0.0,5367447.0,9,0.0
114.0,1.6767756833245167,72.0,0,0,670930.53125,12692,79.31.0.167,114,1.0,Botnet,114,642407.875,0,0.00012072784919936523,100.0,1,0,9,15931,10.0.2.15,0.0,5367444.25,9,0.0
114.0,1.6767756833245167,72.0,0,0,670930.53125,23426,81.67.116.188,114,1.0,Botnet,114,642407.875,0,0.00012072784919936523,100.0,1,0,9,15931,10.0.2.15,0.0,5367444.25,9,0.0
114.0,1.6767756833245167,72.0,0,0,670930.53125,13224,79.0.77.231,114,1.0,Botnet,114,641907.125,0,0.00012072784919936523,100.0,1,0,9,15931,10.0.2.15,0.0,5367444.25,9,0.0
101.7596371882086,1575.3811859833945,59.75963718820862,0,0,636.2096590909091,53,10.0.2.3,74,0.21315192743764166,Botnet,108,994.5,0,0.09414420810749743,100.0,1,0,441,1026,10.0.2.15,2.6846846818866306,279932.25,441,7.2075318411567215
71.1111111111111,1288.5214216686352,16.22222222222222,0,0,873.09375,80,74.125.39.105,62,0.7777777777777778,Botnet,200,997.625,8,0.02090268084040231,11.111111111111109,0,0,1,1033,10.0.2.15,45.637324988421106,6984.75,9,2082.765432098766
101.9188887510852,1319.2524176306806,59.91888875108521,0,0,758.0990759116844,53,10.0.2.3,101,0.19285625697631156,Botnet,108,994.75,0,0.07904813884661294,100.0,1,0,8063,1034,10.0.2.15,2.425702455011589,6111794.75,8063,5.884032400249254
96.0,557.0565133832828,40.4,0,0,2243.9375,80,77.67.20.244,62,0.6,Botnet,256,998.625,4,0.022505083140684626,20.0,0,0,1,1035,10.0.2.15,80.05997751685919,8975.75,5,6409.6
73.25,1604.3316955780606,18.25,0,0,712.3571428571429,80,74.125.39.106,62,0.75,Botnet,200,997.0,7,0.029279053444299614,12.5,0,0,1,1036,10.0.2.15,47.97851081473872,4986.5,8,2301.9375
92.5,2012.8318027424834,36.5,0,0,662.4166666666666,80,74.125.39.103,62,0.5,Botnet,200,989.0,3,0.07346836080010062,25.0,0,0,1,1037,10.0.2.15,62.151025735702866,1987.25,4,3862.75
86.4,2918.8558085230593,29.2,0,0,428.25,80,74.125.39.147,62,0.4,Botnet,200,307.875,4,0.08523058960887332,20.0,0,0,1,1038,10.0.2.15,56.912564517863714,1713.0,5,3239.04
92.5,2003.255289846,36.5,0,0,665.5833333333334,80,74.125.39.99,62,0.5,Botnet,200,994.5,3,0.07311881807937899,25.0,0,0,1,1039,10.0.2.15,62.151025735702866,1996.75,4,3862.75
92.5,2008.788449466416,36.5,0,0,663.75,80,74.125.39.106,62,0.5,Botnet,200,994.5,3,0.07332077840552417,25.0,0,0,1,1040,10.0.2.15,62.151025735702866,1991.25,4,3862.75
92.5,2004.008016032064,36.5,0,0,665.3333333333334,80,74.125.39.147,62,0.5,Botnet,200,997.25,3,0.07314629258517034,25.0,0,0,1,1041,10.0.2.15,62.151025735702866,1996.0,4,3862.75
92.5,1690.7957307407796,36.5,0,0,788.5833333333335,80,74.125.39.105,62,0.5,Botnet,200,996.5,3,0.06171404417203846,25.0,0,0,1,1043,10.0.2.15,62.151025735702866,2365.75,4,3862.75
277.5,12.514293669800976,235.5,0,0,95890.35,15931,10.0.2.15,546,0.16666666666666666,Benign,546,41290.0,0,0.0029471161592381297,100.0,1,0,6,12054,186.18.3.72,134.51363004047832,479451.75,6,18093.916666666668
54.462809917355365,547.9433444695646,0.39669421487603307,0,0,1840.2145833333332,22725,186.18.3.72,62,0.975206611570248,Benign,98,998.875,119,0.0002173659548309017,1.6528925619834711,0,0,2,1044,10.0.2.15,4.055485668226547,220825.75,121,16.446964005190914
1452.1645021645022,1050.6554657394217,1398.1471861471862,0,0,955.925,1044,10.0.2.15,60,0.8701298701298701,Benign,1514,996.75,0,1.4689709830337336,100.0,0,0,231,22725,186.18.3.72,237.9624706570395,219862.75,231,56626.13744120237
258.5,9.712786823147756,216.5,0,0,137276.08333333337,15931,10.0.2.15,547,0.25,Botnet,547,181587.75,0,0.002102818347211489,100.0,1,0,4,20205,82.231.139.51,169.68279229197051,411828.25,4,28792.25
54.46666666666667,826.2442722337171,0.4,0,0,1220.4663865546215,15814,82.231.139.51,62,0.975,Botnet,98,997.5,118,0.00033049770889348684,1.6666666666666667,0,0,2,1045,10.0.2.15,4.072127481086789,145235.5,120,16.582222222222235
1452.1645021645022,1590.5202240499054,1398.1471861471862,0,0,631.4586956521738,1045,10.0.2.15,60,0.9004329004329005,Benign,1514,995.375,0,2.223781375765567,100.0,0,0,231,15814,82.231.139.51,238.34056310516883,145235.5,231,56806.22402128897
134.83333333333334,32.683076294556216,79.5,0,0,36716.25,80,173.213.112.208,62,0.6666666666666666,Botnet,531,998.75,5,0.00259830456541722,16.666666666666668,0,0,1,1046,10.0.2.15,177.19519996006915,183581.25,6,31398.138888888887
54.56,566.266646469823,0.48,0,0,1783.7904040404042,22725,186.18.3.72,62,0.97,Benign,98,998.75,98,0.000271807990305515,2.0,0,0,2,1047,10.0.2.15,4.4549298535442725,176595.25,100,19.846399999999992
1454.5989304812833,1058.9186288985686,1400.5775401069516,0,0,949.4368279569893,1047,10.0.2.15,60,0.732620320855615,Benign,1514,996.5,0,1.4830976484361842,100.0,0,0,187,22725,186.18.3.72,232.22104672985756,176595.25,187,53926.614544310665
54.56,840.8448809363649,0.48,0,0,1201.2929292929293,15814,82.231.139.51,62,0.97,Botnet,98,998.0,98,0.00040360554284945513,2.0,0,0,2,1048,10.0.2.15,4.4549298535442725,118928.0,100,19.846399999999992
1447.1808510638296,1594.1761691861857,1393.159574468085,0,0,630.6377005347592,1048,10.0.2.15,60,0.8617021276595744,Benign,1514,994.25,0,2.2209417934905886,100.0,0,0,188,15814,82.231.139.51,252.8774601384714,117929.25,188,63947.0098460842
134.83333333333334,668.3375104427736,79.5,0,0,1795.5,80,173.213.112.208,62,0.6666666666666666,Botnet,531,1992.75,5,0.0531328320802005,16.666666666666668,0,0,1,1049,10.0.2.15,177.19519996006915,8977.5,6,31398.138888888887
304.0,891.1166805903647,249.0,0,0,1282.5,80,173.213.112.208,62,0.5,Botnet,1514,997.5,5,0.22188805346700086,37.5,0,0,3,1050,10.0.2.15,472.3655893479117,8977.5,8,223129.25
134.83333333333334,1983.143282102132,79.5,0,0,605.1,80,173.213.112.208,62,0.6666666666666666,Botnet,531,996.5,5,0.1576598909271195,16.666666666666668,0,0,1,1053,10.0.2.15,177.19519996006915,3025.5,6,31398.138888888887
134.83333333333334,1359.3112822836426,79.5,0,0,882.8,80,173.213.112.208,62,0.6666666666666666,Botnet,531,1022.75,5,0.10806524694154962,16.666666666666668,0,0,1,1054,10.0.2.15,177.19519996006915,4414.0,6,31398.138888888887
134.83333333333334,1511.2398463572822,79.5,0,0,794.05,80,173.213.112.208,62,0.6666666666666666,Botnet,531,997.25,5,0.12014356778540396,16.666666666666668,0,0,1,1055,10.0.2.15,177.19519996006915,3970.25,6,31398.138888888887
134.83333333333334,1506.8751177246186,79.5,0,0,796.35,80,173.213.112.208,62,0.6666666666666666,Botnet,531,993.0,5,0.11979657185910718,16.666666666666668,0,0,1,1056,10.0.2.15,177.19519996006915,3981.75,6,31398.138888888887
134.83333333333334,2003.506135737541,79.5,0,0,598.95,80,173.213.112.208,62,0.6666666666666666,Botnet,531,997.25,5,0.1592787377911345,16.666666666666668,0,0,1,1057,10.0.2.15,177.19519996006915,2994.75,6,31398.138888888887
134.83333333333334,429.8071240530812,79.5,0,0,2791.95,80,173.213.112.208,62,0.6666666666666666,Botnet,531,996.75,5,0.034169666362219964,16.666666666666668,0,0,1,1058,10.0.2.15,177.19519996006915,13959.75,6,31398.138888888887
92.5,2005.0125313283206,36.5,0,0,665.0,80,74.125.39.105,62,0.5,Botnet,200,997.25,3,0.07318295739348371,25.0,0,0,1,1059,10.0.2.15,62.151025735702866,1995.0,4,3862.75
84.8,2504.382669671925,29.2,0,0,499.125,80,74.125.39.105,62,0.6,Botnet,200,498.375,4,0.07312797395442024,20.0,0,0,1,1060,10.0.2.15,57.68327313875314,1996.5,5,3327.36
92.5,4015.056461731493,36.5,0,0,332.0833333333333,80,74.125.39.105,62,0.5,Botnet,200,0.0,3,0.1465495608531995,25.0,0,0,1,1061,10.0.2.15,62.151025735702866,996.25,4,3862.75
92.5,1971.9004190288392,36.5,0,0,676.1666666666666,80,74.125.39.105,62,0.5,Botnet,200,0.0,3,0.07197436529455263,25.0,0,0,1,1062,10.0.2.15,62.151025735702866,2028.5,4,3862.75
92.5,2003.506135737541,36.5,0,0,665.5,80,74.125.39.105,62,0.5,Botnet,200,996.25,3,0.07312797395442024,25.0,0,0,1,1063,10.0.2.15,62.151025735702866,1996.5,4,3862.75
134.83333333333334,1491.3316348723047,79.5,0,0,804.65,80,173.213.112.208,62,0.6666666666666666,Botnet,531,996.5,5,0.11856086497234825,16.666666666666668,0,0,1,1064,10.0.2.15,177.19519996006915,4023.25,6,31398.138888888887
134.83333333333334,2005.5151667084485,79.5,0,0,598.35,80,173.213.112.208,62,0.6666666666666666,Botnet,531,963.75,5,0.15943845575332166,16.666666666666668,0,0,1,1065,10.0.2.15,177.19519996006915,2991.75,6,31398.138888888887
134.83333333333334,1504.230648699467,79.5,0,0,797.75,80,173.213.112.208,62,0.6666666666666666,Botnet,531,996.5,5,0.11958633657160765,16.666666666666668,0,0,1,1066,10.0.2.15,177.19519996006915,3988.75,6,31398.138888888887
134.83333333333334,2005.6827678422198,79.5,0,0,598.3,80,173.213.112.208,62,0.6666666666666666,Botnet,531,996.75,5,0.15945178004345645,16.666666666666668,0,0,1,1067,10.0.2.15,177.19519996006915,2991.5,6,31398.138888888887
134.83333333333334,2004.3427426089859,79.5,0,0,598.7,80,173.213.112.208,62,0.6666666666666666,Botnet,531,964.0,5,0.1593452480374144,16.666666666666668,0,0,1,1068,10.0.2.15,177.19519996006915,2993.5,6,31398.138888888887
134.83333333333334,1504.1363750313365,79.5,0,0,797.8,80,173.213.112.208,62,0.6666666666666666,Botnet,531,996.75,5,0.11957884181499125,16.666666666666668,0,0,1,1069,10.0.2.15,177.19519996006915,3989.0,6,31398.138888888887
134.83333333333334,2006.3534525998998,79.5,0,0,598.1,80,173.213.112.208,62,0.6666666666666666,Botnet,531,992.0,5,0.15950509948169206,16.666666666666668,0,0,1,1070,10.0.2.15,177.19519996006915,2990.5,6,31398.138888888887
134.83333333333334,1503.3826108744674,79.5,0,0,798.2,80,173.213.112.208,62,0.6666666666666666,Botnet,531,997.5,5,0.11951891756452016,16.666666666666668,0,0,1,1071,10.0.2.15,177.19519996006915,3991.0,6,31398.138888888887
134.83333333333334,1766.6543982333455,79.5,0,0,679.25,80,173.213.112.208,62,0.6666666666666666,Botnet,531,998.0,5,0.14044902465955098,16.666666666666668,0,0,1,1072,10.0.2.15,177.19519996006915,3396.25,6,31398.138888888887
134.83333333333334,2003.506135737541,79.5,0,0,598.95,80,173.213.112.208,62,0.6666666666666666,Botnet,531,997.0,5,0.1592787377911345,16.666666666666668,0,0,1,1073,10.0.2.15,177.19519996006915,2994.75,6,31398.138888888887
134.83333333333334,2006.0180541624875,79.5,0,0,598.2,80,173.213.112.208,62,0.6666666666666666,Botnet,531,996.25,5,0.15947843530591774,16.666666666666668,0,0,1,1074,10.0.2.15,177.19519996006915,2991.0,6,31398.138888888887
134.83333333333334,1008.3609932355783,79.5,0,0,1190.05,80,173.213.112.208,62,0.6666666666666666,Botnet,531,996.75,5,0.08016469896222847,16.666666666666668,0,0,1,1075,10.0.2.15,177.19519996006915,5950.25,6,31398.138888888887
92.5,2039.775624681285,36.5,0,0,653.6666666666666,80,74.125.39.99,62,0.5,Botnet,200,964.25,3,0.07445181030086691,25.0,0,0,1,1076,10.0.2.15,62.151025735702866,1961.0,4,3862.75
92.5,2003.00450676014,36.5,0,0,665.6666666666666,80,74.125.39.99,62,0.5,Botnet,200,997.75,3,0.07310966449674512,25.0,0,0,1,1077,10.0.2.15,62.151025735702866,1997.0,4,3862.75
92.5,2002.7537864563776,36.5,0,0,665.75,80,74.125.39.99,62,0.5,Botnet,200,995.0,3,0.07310051320565777,25.0,0,0,1,1078,10.0.2.15,62.151025735702866,1997.25,4,3862.75
92.5,3994.0089865202203,36.5,0,0,333.8333333333333,80,74.125.39.99,62,0.5,Botnet,200,0.0,3,0.145781328007988,25.0,0,0,1,1079,10.0.2.15,62.151025735702866,1001.5,4,3862.75
92.5,2006.0180541624875,36.5,0,0,664.6666666666666,80,74.125.39.99,62,0.5,Botnet,200,996.5,3,0.0732196589769308,25.0,0,0,1,1080,10.0.2.15,62.151025735702866,1994.0,4,3862.75
134.83333333333334,1504.1363750313365,79.5,0,0,797.8,80,173.213.112.208,62,0.6666666666666666,Botnet,531,997.25,5,0.11957884181499125,16.666666666666668,0,0,1,1081,10.0.2.15,177.19519996006915,3989.0,6,31398.138888888887
134.83333333333334,1760.6925390653655,79.5,0,0,681.55,80,173.213.112.208,62,0.6666666666666666,Botnet,531,996.75,5,0.13997505685569658,16.666666666666668,0,0,1,1082,10.0.2.15,177.19519996006915,3407.75,6,31398.138888888887
134.83333333333334,1503.0060120240478,79.5,0,0,798.4,80,173.213.112.208,62,0.6666666666666666,Botnet,531,994.25,5,0.11948897795591182,16.666666666666668,0,0,1,1083,10.0.2.15,177.19519996006915,3992.0,6,31398.138888888887
134.83333333333334,2005.5151667084485,79.5,0,0,598.35,80,173.213.112.208,62,0.6666666666666666,Botnet,531,996.25,5,0.15943845575332166,16.666666666666668,0,0,1,1084,10.0.2.15,177.19519996006915,2991.75,6,31398.138888888887
134.83333333333334,2003.00450676014,79.5,0,0,599.1,80,173.213.112.208,62,0.6666666666666666,Botnet,531,995.0,5,0.15923885828743115,16.666666666666668,0,0,1,1085,10.0.2.15,177.19519996006915,2995.5,6,31398.138888888887
134.83333333333334,546.9586818295768,79.5,0,0,2193.95,80,173.213.112.208,62,0.6666666666666666,Botnet,531,996.0,5,0.04348321520545136,16.666666666666668,0,0,1,1086,10.0.2.15,177.19519996006915,10969.75,6,31398.138888888887
189.66666666666663,4.022514010919115,147.66666666666666,0,0,372901.125,20179,123.193.112.177,208,0.3333333333333333,Botnet,208,372901.125,0,0.0005939912356123893,100.0,1,0,3,15931,10.0.2.15,19.29306150465037,745802.25,3,372.22222222222223
192.34782608695653,30.798040842888817,150.34782608695653,0,0,33945.48863636364,19037,76.169.10.92,198,0.08695652173913042,Botnet,296,34337.5,0,0.004630418488465632,100.0,1,0,23,15931,10.0.2.15,60.74795304882237,746800.75,23,3690.313799621928
268.82608695652175,30.840804127035952,226.82608695652172,0,0,33898.420454545456,15931,10.0.2.15,547,0.08695652173913042,Botnet,550,35324.375,0,0.006995498918728112,100.0,1,0,23,19037,76.169.10.92,152.73724302352463,745765.25,23,23328.665406427215
200.0,4.028081096014011,158.0,0,0,372385.75,16873,173.121.167.218,126,0.3333333333333333,Botnet,312,372385.75,0,0.000636436813170214,100.0,1,0,3,15931,10.0.2.15,80.54812226240907,744771.5,3,6488.0
190.69565217391303,30.84055600158896,148.69565217391303,0,0,33898.693181818184,13041,59.171.62.145,210,0.08695652173913042,Botnet,282,35325.0,0,0.004585856588062359,100.0,1,0,23,15931,10.0.2.15,58.26060999293247,745771.25,23,3394.2986767485827
272.2608695652174,30.799515242412273,230.2608695652174,0,0,33943.86363636364,15931,10.0.2.15,541,0.043478260869565216,Botnet,550,35820.375,0,0.007091923161905017,100.0,1,0,23,13041,59.171.62.145,153.40404659684611,746765.0,23,23532.801512287333
197.66666666666663,4.022694702613913,155.66666666666666,0,0,372884.375,24700,180.27.82.185,231,0.3333333333333333,Botnet,231,372884.375,0,0.0006261994753735657,100.0,1,0,3,15931,10.0.2.15,45.03578823804711,745768.75,3,2028.2222222222226
185.0,4.022694702613913,143.0,0,0,372884.375,10997,182.53.121.23,154,0.3333333333333333,Botnet,262,372884.375,0,0.0005752453424737896,100.0,1,0,3,15931,10.0.2.15,54.7905101272109,745768.75,3,3002.0
174.84615384615384,17.432460112352203,132.84615384615384,0,0,62144.60416666666,27438,99.45.226.110,185,0.07692307692307693,Botnet,252,35299.25,0,0.002315835278002481,100.0,1,0,13,15931,10.0.2.15,41.5707851443149,745735.25,13,1728.1301775147929
188.0,4.0228754105428175,146.0,0,0,372867.625,16656,146.115.56.185,305,0.3333333333333333,Botnet,305,372867.625,0,0.0005873398099392513,100.0,1,0,3,15931,10.0.2.15,83.46256645946133,745735.25,3,6966.0
247.33333333333331,4.0228754105428175,205.33333333333331,0,0,372867.625,29545,217.201.72.10,275,0.3333333333333333,Botnet,296,372867.625,0,0.0008260304176314582,100.0,1,0,3,15931,10.0.2.15,54.652437172452686,745735.25,3,2986.888888888889
209.66666666666663,4.0282649926987695,167.66666666666666,0,0,372368.75,15747,222.124.44.86,176,0.3333333333333333,Botnet,301,372368.75,0,0.0006754057637758271,100.0,1,0,3,15931,10.0.2.15,65.32142748661337,744737.5,3,4266.88888888889
243.33333333333331,4.022704142178455,201.33333333333331,0,0,372883.5,23303,41.238.216.114,260,0.3333333333333333,Botnet,284,372883.5,0,0.0008099044339585957,100.0,1,0,3,15931,10.0.2.15,41.707979518978796,745767.0,3,1739.5555555555554
214.84,33.477644298690215,172.84,0,0,31115.29166666667,21607,136.145.128.254,265,0.04,Botnet,301,35326.75,0,0.005786276040585618,100.0,1,0,25,15931,10.0.2.15,54.221530778833596,746767.0,25,2939.9744
275.17391304347825,30.799432754795003,233.17391304347825,0,0,33943.954545454544,15931,10.0.2.15,543,0.08695652173913042,Botnet,545,36312.25,0,0.007181624254955027,100.0,1,0,23,21607,136.145.128.254,151.93524140350146,746767.0,23,23084.317580340263
203.8695652173913,30.79947399854841,161.8695652173913,0,0,33943.90909090909,26072,121.134.17.97,151,0.043478260869565216,Botnet,293,34828.375,0,0.004985497465069379,100.0,1,0,23,15931,10.0.2.15,53.72498758599496,746766.0,23,2886.3742911153117
294.7826086956522,30.840659386706673,252.7826086956522,0,0,33898.579545454544,15931,10.0.2.15,538,0.08695652173913042,Botnet,548,35328.25,0,0.007795982333665764,100.0,1,0,23,26072,121.134.17.97,133.54496279847802,745768.75,23,17834.257088846884
257.0,4.028082448134243,215.0,0,0,372385.625,22952,180.180.147.64,296,0.3333333333333333,Botnet,305,372385.625,0,0.0008660377263488622,100.0,1,0,3,15931,10.0.2.15,61.627915752522405,744771.25,3,3798.0
183.33333333333331,4.022697399627833,141.33333333333334,0,0,372884.125,24506,59.90.211.17,199,0.3333333333333333,Botnet,219,372884.125,0,0.0005685412324807338,100.0,1,0,3,15931,10.0.2.15,37.205137040766594,745768.25,3,1384.2222222222226
134.83333333333334,236.76811522714942,79.5,0,0,5068.25,80,173.213.112.208,62,0.6666666666666666,Botnet,531,1000.0,5,0.018823065160558382,16.666666666666668,0,0,1,1087,10.0.2.15,177.19519996006915,25341.25,6,31398.138888888887
230.33333333333331,4.0389027109115,188.33333333333331,0,0,371388.0,18071,180.254.123.201,261,0.3333333333333333,Botnet,261,371388.0,0,0.0007606600105549992,100.0,1,0,3,15931,10.0.2.15,30.92284304882432,742776.0,3,956.2222222222224
218.0,4.0226960511204215,176.0,0,0,372884.25,29280,80.189.162.31,171,0.3333333333333333,Botnet,260,372884.25,0,0.0007079945049971942,100.0,1,0,3,15931,10.0.2.15,36.505707316345294,745768.5,3,1332.6666666666667
220.66666666666663,4.0226960511204215,178.66666666666663,0,0,372884.25,25280,117.98.153.186,215,0.3333333333333333,Botnet,258,372884.25,0,0.0007187216944668487,100.0,1,0,3,15931,10.0.2.15,28.452689777164398,745768.5,3,809.5555555555558
194.2608695652174,30.84063870962768,152.2608695652174,0,0,33898.60227272727,18807,120.151.12.235,200,0.08695652173913042,Botnet,283,35312.125,0,0.004695822467874614,100.0,1,0,23,15931,10.0.2.15,53.66985826514151,745769.25,23,2880.4536862003783
268.94444444444446,24.103847409254872,226.94444444444446,0,0,43927.57352941176,15931,10.0.2.15,539,0.05555555555555555,Botnet,550,36346.75,0,0.00547023425926701,100.0,1,0,18,18807,120.151.12.235,156.28729678320778,746768.75,18,24425.719135802472
174.66666666666663,4.022686611593852,132.66666666666666,0,0,372885.125,23284,122.178.199.16,168,0.3333333333333333,Botnet,192,372885.125,0,0.0005336764238047844,100.0,1,0,3,15931,10.0.2.15,12.364824660660936,745770.25,3,152.88888888888889
158.77777777777774,48.65496064354296,116.77777777777777,0,0,23122.0,10910,76.224.233.61,255,0.1111111111111111,Botnet,255,3492.25,0,0.005681818181818182,100.0,1,0,9,15931,10.0.2.15,51.71670217589882,184976.0,9,2674.617283950617
234.5,31.92032686414709,192.5,0,0,41770.66666666666,15931,10.0.2.15,537,0.25,Benign,537,40722.5,0,0.006144662921348315,100.0,1,0,4,10910,76.224.233.61,176.08875602945236,125312.0,4,31007.25
181.46666666666667,20.059825085011862,139.46666666666667,0,0,53411.660714285725,11121,85.92.244.81,199,0.06666666666666668,Botnet,258,36036.875,0,0.0027976769385229887,100.0,1,0,15,15931,10.0.2.15,54.20192698501492,747763.25,15,2937.848888888889
258.5,24.999511728286556,216.5,0,0,45715.178571428565,15931,10.0.2.15,541,0.125,Benign,541,47994.25,0,0.00541239428917404,100.0,1,0,8,11121,85.92.244.81,115.52921708381822,320006.25,8,13347.0
161.66666666666666,4.040937389716084,119.66666666666669,0,0,371201.0,29101,79.5.152.94,182,0.3333333333333333,Botnet,184,371201.0,0,0.0004835655076360247,100.0,1,0,3,15931,10.0.2.15,30.180935851773864,742402.0,3,910.888888888889
204.66666666666663,4.040937389716084,162.66666666666666,0,0,371201.0,28341,209.252.225.114,116,0.3333333333333333,Botnet,297,371201.0,0,0.0006573258153938162,100.0,1,0,3,15931,10.0.2.15,73.93841281018203,742402.0,3,5466.88888888889
209.45454545454547,38.83138705714568,167.45454545454547,0,0,28327.6,27450,68.207.220.159,170,0.09090909090909093,Botnet,258,20164.125,0,0.00650249226902385,100.0,1,0,11,15931,10.0.2.15,39.194998837661636,283276.0,11,1536.2479338842975
221.66666666666663,25.503237317186947,179.66666666666663,0,0,47052.85,15931,10.0.2.15,547,0.16666666666666666,Botnet,547,60663.25,0,0.004582081637987922,100.0,1,0,6,27450,68.207.220.159,149.31584719051838,235264.25,6,22295.22222222223
228.25,5.506592768191718,186.25,0,0,242134.0,14551,79.50.1.148,119,0.25,Botnet,286,291915.0,0,0.0010256029030757071,100.0,1,0,4,15931,10.0.2.15,66.61221734787095,726402.0,4,4437.1875
172.625,69.01058234148593,130.625,0,0,16560.60714285714,13851,189.141.148.12,137,0.125,Botnet,240,2990.25,0,0.0090145073183566,100.0,1,0,8,15931,10.0.2.15,51.75166060137588,115924.25,8,2678.234375
326.6666666666667,82.67081857888863,284.6666666666667,0,0,18144.25,15931,10.0.2.15,546,0.3333333333333333,Botnet,546,18144.25,0,0.02353362635545696,100.0,1,0,3,13851,189.141.148.12,156.2249090965401,36288.5,3,24406.222222222215
173.14285714285714,148.0134480789969,131.14285714285714,0,0,7882.166666666668,18504,41.237.113.192,267,0.14285714285714285,Botnet,267,2493.375,0,0.019410906476645597,100.0,1,0,7,15931,10.0.2.15,59.05307194484,47293.0,7,3487.2653061224487
179.27272727272728,29.16228680048621,137.27272727272728,0,0,37719.95,22303,108.92.98.18,289,0.09090909090909093,Botnet,289,47644.375,0,0.0040031866426121976,100.0,1,0,11,15931,10.0.2.15,64.97005031563796,377199.5,11,4221.107438016527
269.1818181818182,29.23959120393352,227.1818181818182,0,0,37620.225,15931,10.0.2.15,538,0.09090909090909093,Botnet,541,48142.375,0,0.0066427034926027145,100.0,1,0,11,22303,108.92.98.18,138.01437223039042,376202.25,11,19047.96694214876
185.90476190476193,29.82706692696701,143.9047619047619,0,0,35202.925,23801,67.84.140.135,207,0.047619047619047616,Botnet,282,36322.375,0,0.004292256964442585,100.0,1,0,21,15931,10.0.2.15,54.77043411837028,704058.5,21,2999.80045351474
251.0,29.869735947978302,209.0,0,0,35152.6375,15931,10.0.2.15,538,0.047619047619047616,Botnet,547,36313.5,0,0.006242774813127464,100.0,1,0,21,23801,67.84.140.135,149.1892374517296,703052.75,21,22257.42857142857
170.1818181818182,29.23708485000711,128.1818181818182,0,0,37623.45,18059,97.102.14.57,174,0.18181818181818185,Botnet,257,48650.625,0,0.0037476626944100014,100.0,1,0,11,15931,10.0.2.15,45.938334520445956,376234.5,11,2110.3305785123966
279.45454545454544,29.15981300607187,237.45454545454547,0,0,37723.15,15931,10.0.2.15,548,0.09090909090909093,Botnet,548,48650.625,0,0.0069241301428963386,100.0,1,0,11,18059,97.102.14.57,131.68651731660006,377231.5,11,17341.338842975205
200.0,28.37991701342093,158.0,0,0,36837.829545454544,10391,24.184.202.245,157,0.043478260869565216,Botnet,280,35322.125,0,0.004484026888120506,100.0,1,0,23,15931,10.0.2.15,49.414836708791434,810432.25,23,2441.826086956521
270.1304347826087,28.37991701342093,228.1304347826087,0,0,36837.829545454544,15931,10.0.2.15,543,0.08695652173913042,Benign,547,35819.0,0,0.006474322807366068,100.0,1,0,23,10391,24.184.202.245,152.35094050817014,810432.25,23,23210.80907372401
178.4285714285714,109.98766566892141,136.42857142857142,0,0,10607.25,24960,79.203.165.221,301,0.14285714285714285,Botnet,301,2992.125,0,0.015005460101974278,100.0,1,0,7,15931,10.0.2.15,71.39599257032597,63643.5,7,5097.387755102041
189.952380952381,29.683594089572374,147.95238095238096,0,0,35373.075,18041,66.104.151.146,309,0.09523809523809523,Botnet,309,35324.375,0,0.004391758420776254,100.0,1,0,21,15931,10.0.2.15,60.99529739131432,707461.5,21,3720.426303854876
268.95238095238096,29.64186277934809,226.952380952381,0,0,35422.875,15931,10.0.2.15,549,0.09523809523809523,Botnet,549,35821.875,0,0.00672729133363681,100.0,1,0,21,18041,66.104.151.146,144.7587405669224,708457.5,21,20955.092970521542
208.5,24.29832511644973,166.5,0,0,45727.88888888888,17438,187.194.96.252,311,0.1,Botnet,311,6409.75,0,0.004045671131888879,100.0,1,0,10,15931,10.0.2.15,59.635979073039465,411551.0,10,3556.45
283.25,35.429740610011564,241.25,0,0,37633.16666666666,15931,10.0.2.15,549,0.25,Botnet,549,48257.25,0,0.008547424922165288,100.0,1,0,4,17438,187.194.96.252,156.21519612380862,112899.5,4,24403.1875
204.875,29.797211353482453,162.875,0,0,35019.32608695652,23096,76.254.52.66,285,0.08333333333333333,Botnet,309,35314.0,0,0.004853220799198455,100.0,1,0,24,15931,10.0.2.15,66.24783801503764,805444.5,24,4388.776041666667
270.6521739130435,28.555660880420685,228.65217391304347,0,0,36611.11363636364,15931,10.0.2.15,539,0.08695652173913042,Botnet,547,38312.875,0,0.0065293139378318436,100.0,1,0,23,23096,76.254.52.66,151.70813187790162,805444.5,23,23015.357277882795
195.2,6.184498430992748,153.2,0,0,202118.25,11039,70.230.174.212,270,0.2,Botnet,270,194453.0,0,0.000947465159628089,100.0,1,0,5,15931,10.0.2.15,60.58844774377373,808473.0,5,3670.96
134.83333333333334,326.66839074984006,79.5,0,0,3673.45,80,173.213.112.208,62,0.6666666666666666,Botnet,531,1991.75,5,0.025970137064612285,16.666666666666668,0,0,1,1088,10.0.2.15,177.19519996006915,18367.25,6,31398.138888888887
192.1304347826087,29.259415568616987,150.1304347826087,0,0,35730.53409090909,17075,97.96.45.170,242,0.08695652173913042,Botnet,293,35820.0,0,0.0043927287808014975,100.0,1,0,23,15931,10.0.2.15,52.08630325495836,786071.75,23,2712.9829867674853
260.30434782608694,29.296610668742904,218.30434782608697,0,0,35685.170454545456,15931,10.0.2.15,537,0.043478260869565216,Botnet,549,35323.0,0,0.006395577485554701,100.0,1,0,23,17075,97.96.45.170,154.63798812840508,785073.75,23,23912.90737240075
187.8181818181818,29.95143103172469,145.8181818181818,0,0,36726.125,18923,202.5.153.19,195,0.18181818181818185,Botnet,268,40776.5,0,0.004367463215898764,100.0,1,0,11,15931,10.0.2.15,44.289991033924636,367261.25,11,1961.603305785124
285.1818181818182,29.95143103172469,243.1818181818182,0,0,36726.125,15931,10.0.2.15,541,0.09090909090909093,Botnet,541,41290.75,0,0.007283643455442141,100.0,1,0,11,18923,202.5.153.19,129.31695957243141,367261.25,11,16722.876033057848
197.875,69.96003532981784,155.875,0,0,16335.857142857143,23426,187.126.56.144,295,0.125,Botnet,295,2994.5,0,0.010905020507035356,100.0,1,0,8,15931,10.0.2.15,55.7212650161498,114351.0,8,3104.859375
250.66666666666663,54.878718033146754,208.66666666666663,0,0,27333.0,15931,10.0.2.15,536,0.6666666666666666,Botnet,536,27333.0,0,0.01145135916291662,100.0,1,0,3,23426,187.126.56.144,201.76113489856158,54666.0,3,40707.55555555556
189.91304347826087,29.13423503790776,147.91304347826087,0,0,35884.056818181816,27243,206.163.244.17,303,0.08695652173913042,Botnet,303,36311.75,0,0.004309333373867921,100.0,1,0,23,15931,10.0.2.15,64.92464732185826,789449.25,23,4215.209829867676
272.4782608695652,29.13423503790776,230.4782608695652,0,0,35884.056818181816,15931,10.0.2.15,550,0.043478260869565216,Botnet,550,36810.75,0,0.006714807823302131,100.0,1,0,23,27243,206.163.244.17,150.71680024216374,789449.25,23,22715.553875236295
171.0,3.8047467386186544,129.0,0,0,394244.375,17485,186.18.225.127,155,0.3333333333333333,Botnet,240,394244.375,0,0.0004908123292818063,100.0,1,0,3,15931,10.0.2.15,51.07510809255979,788488.75,3,2608.6666666666665
195.0,16.465658968337806,153.0,0,0,65793.5,24429,83.29.184.42,274,0.15384615384615385,Botnet,285,41162.375,0,0.002519245822155684,100.0,1,0,13,15931,10.0.2.15,68.40265401958521,789522.0,13,4678.923076923077
273.84615384615387,16.46643064782738,231.84615384615384,0,0,65790.41666666669,15931,10.0.2.15,540,0.07692307692307693,Botnet,547,40670.5,0,0.0038176786132732093,100.0,1,0,13,24429,83.29.184.42,155.91064805687515,789485.0,13,24308.13017751479
92.5,2005.5151667084485,36.5,0,0,664.8333333333334,80,74.125.39.105,62,0.5,Botnet,200,997.0,3,0.07320130358485838,25.0,0,0,1,1089,10.0.2.15,62.151025735702866,1994.5,4,3862.75
92.5,2006.7728583970904,36.5,0,0,664.4166666666666,80,74.125.39.105,62,0.5,Botnet,200,996.0,3,0.0732472093314938,25.0,0,0,1,1090,10.0.2.15,62.151025735702866,1993.25,4,3862.75
92.5,2004.2590504822751,36.5,0,0,665.25,80,74.125.39.105,62,0.5,Botnet,200,997.25,3,0.07315545534260304,25.0,0,0,1,1091,10.0.2.15,62.151025735702866,1995.75,4,3862.75
79.66666666666667,2005.5151667084485,24.33333333333333,0,0,598.35,80,74.125.39.105,62,0.6666666666666666,Botnet,200,996.25,5,0.04880086905657224,16.666666666666668,0,0,1,1092,10.0.2.15,53.893928744855444,2991.75,6,2904.5555555555547
92.5,1972.1434734376928,36.5,0,0,676.0833333333334,80,74.125.39.105,62,0.5,Botnet,200,0.0,3,0.07198323678047577,25.0,0,0,1,1093,10.0.2.15,62.151025735702866,2028.25,4,3862.75
92.5,2004.008016032064,36.5,0,0,665.3333333333334,80,74.125.39.105,62,0.5,Botnet,200,997.75,3,0.07314629258517034,25.0,0,0,1,1094,10.0.2.15,62.151025735702866,1996.0,4,3862.75
134.83333333333334,281.2280290602297,79.5,0,0,4267.0,80,66.150.188.209,62,0.6666666666666666,Botnet,531,1993.5,5,0.022357628310288258,16.666666666666668,0,0,1,1095,10.0.2.15,177.19519996006915,21335.0,6,31398.138888888887
92.5,2004.008016032064,36.5,0,0,665.3333333333334,80,74.125.39.105,62,0.5,Botnet,200,997.75,3,0.07314629258517034,25.0,0,0,1,1096,10.0.2.15,62.151025735702866,1996.0,4,3862.75
84.8,2505.637684790779,29.2,0,0,498.875,80,74.125.39.105,62,0.6,Botnet,200,498.0,4,0.07316462039589075,20.0,0,0,1,1097,10.0.2.15,57.68327313875314,1995.5,5,3327.36
71.1111111111111,1428.5147414785129,16.22222222222222,0,0,787.53125,80,74.125.39.105,62,0.7777777777777778,Botnet,200,995.75,8,0.023173683583984764,11.111111111111109,0,0,1,1098,10.0.2.15,45.637324988421106,6300.25,9,2082.765432098766
92.5,2005.0125313283206,36.5,0,0,665.0,80,74.125.39.105,62,0.5,Botnet,200,995.75,3,0.07318295739348371,25.0,0,0,1,1099,10.0.2.15,62.151025735702866,1995.0,4,3862.75
92.5,2006.5211938801106,36.5,0,0,664.5,80,74.125.39.105,62,0.5,Botnet,200,996.25,3,0.07323802357662403,25.0,0,0,1,1100,10.0.2.15,62.151025735702866,1993.5,4,3862.75
134.83333333333334,1505.9295977913032,79.5,0,0,796.85,80,66.150.188.209,62,0.6666666666666666,Botnet,531,995.0,5,0.1197214030244086,16.666666666666668,0,0,1,1101,10.0.2.15,177.19519996006915,3984.25,6,31398.138888888887
134.83333333333334,2006.3534525998998,79.5,0,0,598.1,80,66.150.188.209,62,0.6666666666666666,Botnet,531,996.0,5,0.15950509948169206,16.666666666666668,0,0,1,1102,10.0.2.15,177.19519996006915,2990.5,6,31398.138888888887
134.83333333333334,2029.2550942758096,79.5,0,0,591.35,80,66.150.188.209,62,0.6666666666666666,Botnet,531,963.5,5,0.16132577999492687,16.666666666666668,0,0,1,1103,10.0.2.15,177.19519996006915,2956.75,6,31398.138888888887
134.83333333333334,2005.3475935828878,79.5,0,0,598.4,80,66.150.188.209,62,0.6666666666666666,Botnet,531,996.0,5,0.15942513368983954,16.666666666666668,0,0,1,1104,10.0.2.15,177.19519996006915,2992.0,6,31398.138888888887
134.83333333333334,1761.4678899082571,79.5,0,0,681.25,80,66.150.188.209,62,0.6666666666666666,Botnet,531,995.75,5,0.14003669724770645,16.666666666666668,0,0,1,1105,10.0.2.15,177.19519996006915,3406.25,6,31398.138888888887
134.83333333333334,546.7966827667913,79.5,0,0,2194.6,80,66.150.188.209,62,0.6666666666666666,Botnet,531,998.0,5,0.0434703362799599,16.666666666666668,0,0,1,1106,10.0.2.15,177.19519996006915,10973.0,6,31398.138888888887
92.5,2008.788449466416,36.5,0,0,663.75,80,74.125.39.105,62,0.5,Botnet,200,993.75,3,0.07332077840552417,25.0,0,0,1,1107,10.0.2.15,62.151025735702866,1991.25,4,3862.75
92.5,2005.766578914379,36.5,0,0,664.75,80,74.125.39.105,62,0.5,Botnet,200,994.75,3,0.07321048013037483,25.0,0,0,1,1108,10.0.2.15,62.151025735702866,1994.25,4,3862.75
92.5,2008.032128514056,36.5,0,0,664.0,80,74.125.39.105,62,0.5,Botnet,200,963.5,3,0.07329317269076305,25.0,0,0,1,1109,10.0.2.15,62.151025735702866,1992.0,4,3862.75
92.5,2003.506135737541,36.5,0,0,665.5,80,74.125.39.105,62,0.5,Botnet,200,995.5,3,0.07312797395442024,25.0,0,0,1,1110,10.0.2.15,62.151025735702866,1996.5,4,3862.75
92.5,2004.2590504822751,36.5,0,0,665.25,80,74.125.39.105,62,0.5,Botnet,200,997.5,3,0.07315545534260304,25.0,0,0,1,1111,10.0.2.15,62.151025735702866,1995.75,4,3862.75
92.5,4006.00901352028,36.5,0,0,332.8333333333333,80,74.125.39.105,62,0.5,Botnet,200,0.0,3,0.14621932899349024,25.0,0,0,1,1112,10.0.2.15,62.151025735702866,998.5,4,3862.75
84.8,2098.85612341274,29.2,0,0,595.5625,80,74.125.39.105,62,0.6,Botnet,200,498.875,4,0.06128659880365201,20.0,0,0,1,1113,10.0.2.15,57.68327313875314,2382.25,5,3327.36
92.5,2004.008016032064,36.5,0,0,665.3333333333334,80,74.125.39.105,62,0.5,Botnet,200,997.75,3,0.07314629258517034,25.0,0,0,1,1114,10.0.2.15,62.151025735702866,1996.0,4,3862.75
92.5,2002.503128911139,36.5,0,0,665.8333333333334,80,74.125.39.105,62,0.5,Botnet,200,997.0,3,0.07309136420525658,25.0,0,0,1,1115,10.0.2.15,62.151025735702866,1997.5,4,3862.75
92.5,1999.0004997501248,36.5,0,0,667.0,80,74.125.39.105,62,0.5,Botnet,200,997.25,3,0.07296351824087956,25.0,0,0,1,1116,10.0.2.15,62.151025735702866,2001.0,4,3862.75
134.83333333333334,2004.008016032064,79.5,0,0,598.8,80,66.150.188.209,62,0.6666666666666666,Botnet,531,996.25,5,0.1593186372745491,16.666666666666668,0,0,1,1117,10.0.2.15,177.19519996006915,2994.0,6,31398.138888888887
134.83333333333334,1503.9478631407446,79.5,0,0,797.9,80,66.150.188.209,62,0.6666666666666666,Botnet,531,0.0,5,0.1195638551196892,16.666666666666668,0,0,1,1118,10.0.2.15,177.19519996006915,3989.5,6,31398.138888888887
134.83333333333334,2003.506135737541,79.5,0,0,598.95,80,66.150.188.209,62,0.6666666666666666,Botnet,531,994.75,5,0.1592787377911345,16.666666666666668,0,0,1,1119,10.0.2.15,177.19519996006915,2994.75,6,31398.138888888887
134.83333333333334,2005.5151667084485,79.5,0,0,598.35,80,66.150.188.209,62,0.6666666666666666,Botnet,531,996.75,5,0.15943845575332166,16.666666666666668,0,0,1,1120,10.0.2.15,177.19519996006915,2991.75,6,31398.138888888887
134.83333333333334,2003.338898163606,79.5,0,0,599.0,80,66.150.188.209,62,0.6666666666666666,Botnet,531,997.0,5,0.15926544240400667,16.666666666666668,0,0,1,1121,10.0.2.15,177.19519996006915,2995.0,6,31398.138888888887
134.83333333333334,527.692882742244,79.5,0,0,2274.05,80,66.150.188.209,62,0.6666666666666666,Botnet,531,995.75,5,0.0419515841780084,16.666666666666668,0,0,1,1122,10.0.2.15,177.19519996006915,11370.25,6,31398.138888888887
84.8,1673.9203213927015,29.2,0,0,746.75,80,74.125.39.103,62,0.6,Botnet,200,994.75,4,0.04887847338466689,20.0,0,0,1,1123,10.0.2.15,57.68327313875314,2987.0,5,3327.36
84.8,1669.1704223001168,29.2,0,0,748.875,80,74.125.39.103,62,0.6,Botnet,200,498.625,4,0.04873977633116342,20.0,0,0,1,1124,10.0.2.15,57.68327313875314,2995.5,5,3327.36
92.5,2004.2590504822751,36.5,0,0,665.25,80,74.125.39.103,62,0.5,Botnet,200,994.25,3,0.07315545534260304,25.0,0,0,1,1125,10.0.2.15,62.151025735702866,1995.75,4,3862.75
92.5,2004.7613081067536,36.5,0,0,665.0833333333334,80,74.125.39.103,62,0.5,Botnet,200,995.0,3,0.0731737877458965,25.0,0,0,1,1126,10.0.2.15,62.151025735702866,1995.25,4,3862.75
92.5,2039.515615041428,36.5,0,0,653.75,80,74.125.39.103,62,0.5,Botnet,200,963.5,3,0.07444231994901211,25.0,0,0,1,1127,10.0.2.15,62.151025735702866,1961.25,4,3862.75
92.5,2005.5151667084485,36.5,0,0,664.8333333333334,80,74.125.39.103,62,0.5,Botnet,200,997.0,3,0.07320130358485838,25.0,0,0,1,1128,10.0.2.15,62.151025735702866,1994.5,4,3862.75
134.83333333333334,294.53273608639626,79.5,0,0,4074.25,80,66.150.188.209,62,0.6666666666666666,Botnet,531,996.5,5,0.023415352518868504,16.666666666666668,0,0,1,1129,10.0.2.15,177.19519996006915,20371.25,6,31398.138888888887
84.8,2505.637684790779,29.2,0,0,498.875,80,74.125.39.103,62,0.6,Botnet,200,497.75,4,0.07316462039589075,20.0,0,0,1,1130,10.0.2.15,57.68327313875314,1995.5,5,3327.36
92.5,2005.0125313283206,36.5,0,0,665.0,80,74.125.39.103,62,0.5,Botnet,200,997.5,3,0.07318295739348371,25.0,0,0,1,1131,10.0.2.15,62.151025735702866,1995.0,4,3862.75
71.1111111111111,1404.1109247630566,16.22222222222222,0,0,801.21875,80,74.125.39.103,62,0.7777777777777778,Botnet,200,998.875,8,0.022777799446156245,11.111111111111109,0,0,1,1132,10.0.2.15,45.637324988421106,6409.75,9,2082.765432098766
92.5,4034.2914775592535,36.5,0,0,330.5,80,74.125.39.103,62,0.5,Botnet,200,0.0,3,0.14725163893091275,25.0,0,0,1,1133,10.0.2.15,62.151025735702866,991.5,4,3862.75
134.83333333333334,1506.4022093899068,79.5,0,0,796.6,80,66.150.188.209,62,0.6666666666666666,Botnet,531,994.0,5,0.1197589756464976,16.666666666666668,0,0,1,1134,10.0.2.15,177.19519996006915,3983.0,6,31398.138888888887
134.83333333333334,2006.5211938801106,79.5,0,0,598.05,80,66.150.188.209,62,0.6666666666666666,Botnet,531,964.0,5,0.1595184349134688,16.666666666666668,0,0,1,1135,10.0.2.15,177.19519996006915,2990.25,6,31398.138888888887
134.83333333333334,2007.0245860511789,79.5,0,0,597.9,80,66.150.188.209,62,0.6666666666666666,Botnet,531,996.0,5,0.15955845459106874,16.666666666666668,0,0,1,1136,10.0.2.15,177.19519996006915,2989.5,6,31398.138888888887
134.83333333333334,2005.3475935828878,79.5,0,0,598.4,80,66.150.188.209,62,0.6666666666666666,Botnet,531,995.75,5,0.15942513368983954,16.666666666666668,0,0,1,1137,10.0.2.15,177.19519996006915,2992.0,6,31398.138888888887
134.83333333333334,2007.0245860511789,79.5,0,0,597.9,80,66.150.188.209,62,0.6666666666666666,Botnet,531,996.0,5,0.15955845459106874,16.666666666666668,0,0,1,1138,10.0.2.15,177.19519996006915,2989.5,6,31398.138888888887
134.83333333333334,448.6568336043968,79.5,0,0,2674.65,80,66.150.188.209,62,0.6666666666666666,Botnet,531,995.25,5,0.03566821827154955,16.666666666666668,0,0,1,1139,10.0.2.15,177.19519996006915,13373.25,6,31398.138888888887
134.83333333333334,1504.1363750313365,79.5,0,0,797.8,80,66.150.188.209,62,0.6666666666666666,Botnet,531,996.5,5,0.11957884181499125,16.666666666666668,0,0,1,1140,10.0.2.15,177.19519996006915,3989.0,6,31398.138888888887
134.83333333333334,1983.143282102132,79.5,0,0,605.1,80,66.150.188.209,62,0.6666666666666666,Botnet,531,997.0,5,0.1576598909271195,16.666666666666668,0,0,1,1141,10.0.2.15,177.19519996006915,3025.5,6,31398.138888888887
134.83333333333334,2009.0406830738325,79.5,0,0,597.3,80,66.150.188.209,62,0.6666666666666666,Botnet,531,0.0,5,0.15971873430436967,16.666666666666668,0,0,1,1142,10.0.2.15,177.19519996006915,2986.5,6,31398.138888888887
134.83333333333334,1502.2533800701049,79.5,0,0,798.8,80,66.150.188.209,62,0.6666666666666666,Botnet,531,997.5,5,0.11942914371557335,16.666666666666668,0,0,1,1143,10.0.2.15,177.19519996006915,3994.0,6,31398.138888888887
134.83333333333334,2006.6889632107025,79.5,0,0,598.0,80,66.150.188.209,62,0.6666666666666666,Botnet,531,994.5,5,0.15953177257525086,16.666666666666668,0,0,1,1144,10.0.2.15,177.19519996006915,2990.0,6,31398.138888888887
151.0,484.27322695464784,95.4,0,0,2581.1875,80,66.150.188.209,62,0.6,Botnet,531,674.125,4,0.0461996658514734,20.0,0,0,1,1145,10.0.2.15,190.02526147857293,10324.75,5,36109.6
84.8,1671.541997492687,29.2,0,0,747.8125,80,74.125.39.105,62,0.6,Botnet,200,995.875,4,0.048809026326786464,20.0,0,0,1,1146,10.0.2.15,57.68327313875314,2991.25,5,3327.36
92.5,1336.8983957219252,36.5,0,0,997.3333333333335,80,74.125.39.105,62,0.5,Botnet,200,997.75,3,0.04879679144385027,25.0,0,0,1,1147,10.0.2.15,62.151025735702866,2992.0,4,3862.75
92.5,2004.5101478326235,36.5,0,0,665.1666666666666,80,74.125.39.105,62,0.5,Botnet,200,997.25,3,0.07316462039589075,25.0,0,0,1,1148,10.0.2.15,62.151025735702866,1995.5,4,3862.75
92.5,1483.6795252225518,36.5,0,0,898.6666666666665,80,74.125.39.105,62,0.5,Botnet,200,1030.75,3,0.05415430267062315,25.0,0,0,1,1149,10.0.2.15,62.151025735702866,2696.0,4,3862.75
84.8,1670.843776106934,29.2,0,0,748.125,80,74.125.39.105,62,0.6,Botnet,200,499.375,4,0.04878863826232247,20.0,0,0,1,1150,10.0.2.15,57.68327313875314,2992.5,5,3327.36
134.83333333333334,1504.230648699467,79.5,0,0,797.75,80,66.150.188.209,62,0.6666666666666666,Botnet,531,997.25,5,0.11958633657160765,16.666666666666668,0,0,1,1151,10.0.2.15,177.19519996006915,3988.75,6,31398.138888888887
134.83333333333334,2028.054757478452,79.5,0,0,591.7,80,66.150.188.209,62,0.6666666666666666,Botnet,531,964.25,5,0.16123035321953694,16.666666666666668,0,0,1,1152,10.0.2.15,177.19519996006915,2958.5,6,31398.138888888887
134.83333333333334,1502.6296018031555,79.5,0,0,798.6,80,66.150.188.209,62,0.6666666666666666,Botnet,531,994.5,5,0.11945905334335084,16.666666666666668,0,0,1,1153,10.0.2.15,177.19519996006915,3993.0,6,31398.138888888887
134.83333333333334,1503.6651838857215,79.5,0,0,798.05,80,66.150.188.209,62,0.6666666666666666,Botnet,531,997.25,5,0.11954138211891485,16.666666666666668,0,0,1,1154,10.0.2.15,177.19519996006915,3990.25,6,31398.138888888887
134.83333333333334,1504.1363750313365,79.5,0,0,797.8,80,66.150.188.209,62,0.6666666666666666,Botnet,531,996.5,5,0.11957884181499125,16.666666666666668,0,0,1,1155,10.0.2.15,177.19519996006915,3989.0,6,31398.138888888887
134.83333333333334,448.3132215040909,79.5,0,0,2676.7,80,66.150.188.209,62,0.6666666666666666,Botnet,531,1000.0,5,0.035640901109575227,16.666666666666668,0,0,1,1156,10.0.2.15,177.19519996006915,13383.5,6,31398.138888888887
134.83333333333334,1504.4192314925092,79.5,0,0,797.65,80,66.150.188.209,62,0.6666666666666666,Botnet,531,996.75,5,0.11960132890365448,16.666666666666668,0,0,1,1157,10.0.2.15,177.19519996006915,3988.25,6,31398.138888888887
134.83333333333334,2005.1800484585174,79.5,0,0,598.45,80,66.150.188.209,62,0.6666666666666666,Botnet,531,994.5,5,0.15941181385245218,16.666666666666668,0,0,1,1158,10.0.2.15,177.19519996006915,2992.25,6,31398.138888888887
134.83333333333334,2004.1753653444675,79.5,0,0,598.75,80,66.150.188.209,62,0.6666666666666666,Botnet,531,996.25,5,0.15933194154488514,16.666666666666668,0,0,1,1159,10.0.2.15,177.19519996006915,2993.75,6,31398.138888888887
134.83333333333334,1503.3826108744674,79.5,0,0,798.2,80,66.150.188.209,62,0.6666666666666666,Botnet,531,996.25,5,0.11951891756452016,16.666666666666668,0,0,1,1160,10.0.2.15,177.19519996006915,3991.0,6,31398.138888888887
134.83333333333334,1503.9478631407446,79.5,0,0,797.9,80,66.150.188.209,62,0.6666666666666666,Botnet,531,996.25,5,0.1195638551196892,16.666666666666668,0,0,1,1161,10.0.2.15,177.19519996006915,3989.5,6,31398.138888888887
134.83333333333334,720.5692497072687,79.5,0,0,1665.35,80,66.150.188.209,62,0.6666666666666666,Botnet,531,999.5,5,0.05728525535172786,16.666666666666668,0,0,1,1162,10.0.2.15,177.19519996006915,8326.75,6,31398.138888888887
84.8,1670.00668002672,29.2,0,0,748.5,80,74.125.39.106,62,0.6,Botnet,200,501.375,4,0.04876419505678023,20.0,0,0,1,1163,10.0.2.15,57.68327313875314,2994.0,5,3327.36
92.5,3987.0421131323205,36.5,0,0,334.4166666666667,80,74.125.39.106,62,0.5,Botnet,200,0.0,3,0.14552703712932968,25.0,0,0,1,1164,10.0.2.15,62.151025735702866,1003.25,4,3862.75
84.8,2505.01002004008,29.2,0,0,499.0,80,74.125.39.106,62,0.6,Botnet,200,498.875,4,0.07314629258517034,20.0,0,0,1,1165,10.0.2.15,57.68327313875314,1996.0,5,3327.36
92.5,2009.292980032651,36.5,0,0,663.5833333333334,80,74.125.39.106,62,0.5,Botnet,200,990.25,3,0.07333919377119176,25.0,0,0,1,1166,10.0.2.15,62.151025735702866,1990.75,4,3862.75
76.0,1413.427561837456,20.857142857142858,0,0,825.4166666666665,80,74.125.39.106,62,0.7142857142857143,Botnet,200,964.875,6,0.029480060575466937,14.285714285714285,0,0,1,1167,10.0.2.15,50.697985307955925,4952.5,7,2570.285714285714
242.0,9.298071173248054,200.0,0,0,143398.91666666663,21172,93.139.114.48,269,0.5,Botnet,269,96984.0,0,0.001859614234649611,100.0,1,0,4,15931,10.0.2.15,34.3365694267788,430196.75,4,1179.0
245.33333333333331,9.030160736861117,203.33333333333331,0,0,166110.0,14153,172.162.167.55,271,0.3333333333333333,Botnet,271,166110.0,0,0.0018361326831617605,100.0,1,0,3,15931,10.0.2.15,23.612614331233114,332220.0,3,557.5555555555555
258.75,9.319577636741503,216.75,0,0,143068.0,24592,180.254.71.117,306,0.25,Botnet,306,96984.0,0,0.0020200184527637208,100.0,1,0,4,15931,10.0.2.15,55.024426394102456,429204.0,4,3027.6875
134.83333333333334,236.7797947908445,79.5,0,0,5068.0,80,66.150.188.209,62,0.6666666666666666,Botnet,531,997.75,5,0.018823993685872138,16.666666666666668,0,0,1,1168,10.0.2.15,177.19519996006915,25340.0,6,31398.138888888887
290.0,35.58550009489467,248.0,0,0,33721.6,15931,10.0.2.15,540,0.16666666666666666,Botnet,540,35320.0,0,0.008825204023533878,100.0,1,0,6,27438,99.45.226.110,115.15786266396809,168608.0,6,13261.333333333336
236.2,34.023818374052766,194.2,0,0,32656.861111111113,25261,85.105.104.131,258,0.1,Botnet,284,35281.25,0,0.006607425528241046,100.0,1,0,10,15931,10.0.2.15,37.3196998916122,293911.75,10,1392.76
263.7,33.908448883437174,221.7,0,0,32767.972222222223,15931,10.0.2.15,544,0.1,Botnet,550,35281.25,0,0.007517503117458019,100.0,1,0,10,25261,85.105.104.131,153.74332505835824,294911.75,10,23637.01
169.2,33.680863712069026,127.2,0,0,32989.38888888888,22462,46.40.115.57,122,0.1,Botnet,267,36323.75,0,0.004284205864175181,100.0,1,0,10,15931,10.0.2.15,63.80720962399155,296904.5,10,4071.36
281.0,33.680863712069026,239.0,0,0,32989.38888888888,15931,10.0.2.15,543,0.2,Botnet,549,36323.75,0,0.008049726427184498,100.0,1,0,10,22462,46.40.115.57,138.34232902477822,296904.5,10,19138.6
184.3,33.72246244793041,142.3,0,0,32948.694444444445,29955,108.87.184.9,141,0.1,Botnet,262,36309.75,0,0.0047987064063404975,100.0,1,0,10,15931,10.0.2.15,42.927962914631756,296538.25,10,1842.81
193.6,33.609886684267046,151.6,0,0,33059.055555555555,15931,10.0.2.15,536,0.8,Botnet,536,36326.5,0,0.005095258821334885,100.0,1,0,10,29955,108.87.184.9,171.2,297531.5,10,29309.439999999984
171.2,33.72686969117992,129.2,0,0,32944.38888888888,23887,174.54.250.160,257,0.1,Botnet,271,36309.75,0,0.004357511564100446,100.0,1,0,10,15931,10.0.2.15,63.938720662834655,296499.5,10,4088.16
193.6,33.61401031950117,151.6,0,0,33055.0,15931,10.0.2.15,536,0.8,Botnet,536,35329.5,0,0.005095883964436377,100.0,1,0,10,23887,174.54.250.160,171.2,297495.0,10,29309.439999999984
194.7,33.60305384553348,152.7,0,0,33065.77777777778,22870,89.143.198.212,122,0.1,Botnet,266,36315.5,0,0.005131186322212961,100.0,1,0,10,15931,10.0.2.15,50.00209995590186,297592.0,10,2500.21
274.8,33.68449418521419,232.8,0,0,32985.833333333336,15931,10.0.2.15,544,0.1,Botnet,544,36315.5,0,0.007841750246317862,100.0,1,0,10,22870,89.143.198.212,142.64066741290858,296872.5,10,20346.36
202.75,30.34400620534927,160.75,0,0,35951.38636363636,10521,125.167.3.52,210,0.08333333333333333,Botnet,307,36326.25,0,0.004877798997509895,100.0,1,0,12,15931,10.0.2.15,61.8049687862284,395465.25,12,3819.854166666666
265.6666666666667,30.42066069872455,223.66666666666663,0,0,35860.795454545456,15931,10.0.2.15,539,0.16666666666666666,Benign,546,37312.5,0,0.00680408777628139,100.0,1,0,12,10521,125.167.3.52,162.22583709823238,394468.75,12,26317.222222222215
134.83333333333334,401.06951871657753,79.5,0,0,2992.0,80,66.150.188.209,62,0.6666666666666666,Botnet,531,1997.75,5,0.03188502673796791,16.666666666666668,0,0,1,1169,10.0.2.15,177.19519996006915,14960.0,6,31398.138888888887
199.3,34.138460474917196,157.3,0,0,32547.19444444444,13405,66.61.90.112,233,0.1,Botnet,272,35317.25,0,0.005369979832704474,100.0,1,0,10,15931,10.0.2.15,47.80177820960221,292924.75,10,2285.010000000001
253.9,34.138460474917196,211.9,0,0,32547.19444444444,15931,10.0.2.15,538,0.1,Benign,546,36315.25,0,0.007233939774634953,100.0,1,0,10,13405,66.61.90.112,152.9806850553363,292924.75,10,23403.090000000004
196.2,34.25575518096888,154.2,0,0,32435.75,13862,190.220.117.73,218,0.1,Botnet,301,36311.75,0,0.0052822374489054,100.0,1,0,10,15931,10.0.2.15,67.31092036215222,291921.75,10,4530.76
258.4,34.37350421548062,216.4,0,0,32324.638888888887,15931,10.0.2.15,539,0.1,Benign,545,35317.0,0,0.007438426312230006,100.0,1,0,10,13862,190.220.117.73,152.5753584298592,290921.75,10,23279.24
207.4,33.56831151393085,165.4,0,0,33100.0,18137,114.73.4.13,294,0.2,Botnet,294,36314.0,0,0.005552198724404163,100.0,1,0,10,15931,10.0.2.15,47.424044534392046,297900.0,10,2249.04
255.9,33.56831151393085,213.9,0,0,33100.0,15931,10.0.2.15,538,0.1,Botnet,546,36314.0,0,0.00718026183282981,100.0,1,0,10,18137,114.73.4.13,152.00555910886945,297900.0,10,23105.69
134.83333333333334,2005.0125313283206,79.5,0,0,598.5,80,66.150.188.209,62,0.6666666666666666,Botnet,531,997.0,5,0.1593984962406015,16.666666666666668,0,0,1,1170,10.0.2.15,177.19519996006915,2992.5,6,31398.138888888887
134.83333333333334,2007.3603211776513,79.5,0,0,597.8,80,66.150.188.209,62,0.6666666666666666,Botnet,531,995.5,5,0.1595851455336233,16.666666666666668,0,0,1,1171,10.0.2.15,177.19519996006915,2989.0,6,31398.138888888887
134.83333333333334,1783.193402184412,79.5,0,0,672.95,80,66.150.188.209,62,0.6666666666666666,Botnet,531,994.25,5,0.14176387547366076,16.666666666666668,0,0,1,1172,10.0.2.15,177.19519996006915,3364.75,6,31398.138888888887
134.83333333333334,2006.0180541624875,79.5,0,0,598.2,80,66.150.188.209,62,0.6666666666666666,Botnet,531,996.25,5,0.15947843530591774,16.666666666666668,0,0,1,1173,10.0.2.15,177.19519996006915,2991.0,6,31398.138888888887
134.83333333333334,1504.042113179169,79.5,0,0,797.85,80,66.150.188.209,62,0.6666666666666666,Botnet,531,996.0,5,0.11957134799774395,16.666666666666668,0,0,1,1174,10.0.2.15,177.19519996006915,3989.25,6,31398.138888888887
134.83333333333334,401.06951871657753,79.5,0,0,2992.0,80,66.150.188.209,62,0.6666666666666666,Botnet,531,964.5,5,0.03188502673796791,16.666666666666668,0,0,1,1175,10.0.2.15,177.19519996006915,14960.0,6,31398.138888888887
134.83333333333334,2005.5151667084485,79.5,0,0,598.35,80,66.150.188.209,62,0.6666666666666666,Botnet,531,995.75,5,0.15943845575332166,16.666666666666668,0,0,1,1176,10.0.2.15,177.19519996006915,2991.75,6,31398.138888888887
134.83333333333334,2005.5151667084485,79.5,0,0,598.35,80,66.150.188.209,62,0.6666666666666666,Botnet,531,994.25,5,0.15943845575332166,16.666666666666668,0,0,1,1177,10.0.2.15,177.19519996006915,2991.75,6,31398.138888888887
134.83333333333334,1982.815598149372,79.5,0,0,605.2,80,66.150.188.209,62,0.6666666666666666,Botnet,531,0.0,5,0.1576338400528751,16.666666666666668,0,0,1,1178,10.0.2.15,177.19519996006915,3026.0,6,31398.138888888887
134.83333333333334,2004.845042185281,79.5,0,0,598.55,80,66.150.188.209,62,0.6666666666666666,Botnet,531,991.25,5,0.15938518085372985,16.666666666666668,0,0,1,1179,10.0.2.15,177.19519996006915,2992.75,6,31398.138888888887
134.83333333333334,2003.8406946647744,79.5,0,0,598.85,80,66.150.188.209,62,0.6666666666666666,Botnet,531,971.5,5,0.15930533522584955,16.666666666666668,0,0,1,1180,10.0.2.15,177.19519996006915,2994.25,6,31398.138888888887
134.83333333333334,401.06951871657753,79.5,0,0,2992.0,80,66.150.188.209,62,0.6666666666666666,Botnet,531,997.0,5,0.03188502673796791,16.666666666666668,0,0,1,1181,10.0.2.15,177.19519996006915,14960.0,6,31398.138888888887
134.83333333333334,2005.6827678422198,79.5,0,0,598.3,80,66.150.188.209,62,0.6666666666666666,Botnet,531,994.25,5,0.15945178004345645,16.666666666666668,0,0,1,1182,10.0.2.15,177.19519996006915,2991.5,6,31398.138888888887
134.83333333333334,1765.7445556209534,79.5,0,0,679.6,80,66.150.188.209,62,0.6666666666666666,Botnet,531,994.0,5,0.1403766921718658,16.666666666666668,0,0,1,1183,10.0.2.15,177.19519996006915,3398.0,6,31398.138888888887
134.83333333333334,1503.194287861706,79.5,0,0,798.3,80,66.150.188.209,62,0.6666666666666666,Botnet,531,998.0,5,0.11950394588500565,16.666666666666668,0,0,1,1184,10.0.2.15,177.19519996006915,3991.5,6,31398.138888888887
134.83333333333334,1503.9478631407446,79.5,0,0,797.9,80,66.150.188.209,62,0.6666666666666666,Botnet,531,997.0,5,0.1195638551196892,16.666666666666668,0,0,1,1185,10.0.2.15,177.19519996006915,3989.5,6,31398.138888888887
134.83333333333334,1503.9478631407446,79.5,0,0,797.9,80,66.150.188.209,62,0.6666666666666666,Botnet,531,996.25,5,0.1195638551196892,16.666666666666668,0,0,1,1186,10.0.2.15,177.19519996006915,3989.5,6,31398.138888888887
134.83333333333334,376.0046373905278,79.5,0,0,3191.45,80,66.150.188.209,62,0.6666666666666666,Botnet,531,997.0,5,0.02989236867254696,16.666666666666668,0,0,1,1187,10.0.2.15,177.19519996006915,15957.25,6,31398.138888888887
134.83333333333334,1758.7571449509014,79.5,0,0,682.3,80,66.150.188.209,62,0.6666666666666666,Botnet,531,991.75,5,0.13982119302359666,16.666666666666668,0,0,1,1188,10.0.2.15,177.19519996006915,3411.5,6,31398.138888888887
134.83333333333334,1503.9478631407446,79.5,0,0,797.9,80,66.150.188.209,62,0.6666666666666666,Botnet,531,997.5,5,0.1195638551196892,16.666666666666668,0,0,1,1189,10.0.2.15,177.19519996006915,3989.5,6,31398.138888888887
134.83333333333334,2003.6734012355987,79.5,0,0,598.9,80,66.150.188.209,62,0.6666666666666666,Botnet,531,997.5,5,0.1592920353982301,16.666666666666668,0,0,1,1190,10.0.2.15,177.19519996006915,2994.5,6,31398.138888888887
134.83333333333334,1504.7021943573666,79.5,0,0,797.5,80,66.150.188.209,62,0.6666666666666666,Botnet,531,996.25,5,0.11962382445141065,16.666666666666668,0,0,1,1191,10.0.2.15,177.19519996006915,3987.5,6,31398.138888888887
134.83333333333334,1516.8752370117559,79.5,0,0,791.1,80,66.150.188.209,62,0.6666666666666666,Botnet,531,994.5,5,0.12059158134243457,16.666666666666668,0,0,1,1192,10.0.2.15,177.19519996006915,3955.5,6,31398.138888888887
134.83333333333334,499.94792209144885,79.5,0,0,2400.25,80,66.150.188.209,62,0.6666666666666666,Botnet,531,998.0,5,0.039745859806270184,16.666666666666668,0,0,1,1193,10.0.2.15,177.19519996006915,12001.25,6,31398.138888888887
71.1111111111111,1504.0735324838104,16.22222222222222,0,0,747.96875,80,74.125.39.106,62,0.7777777777777778,Botnet,200,994.375,8,0.024399415082515145,11.111111111111109,0,0,1,1194,10.0.2.15,45.637324988421106,5983.75,9,2082.765432098766
92.5,2004.7613081067536,36.5,0,0,665.0833333333334,80,74.125.39.106,62,0.5,Botnet,200,997.5,3,0.0731737877458965,25.0,0,0,1,1195,10.0.2.15,62.151025735702866,1995.25,4,3862.75
76.0,1594.6238396264025,20.857142857142858,0,0,731.625,80,74.125.39.106,62,0.7142857142857143,Botnet,200,997.5,6,0.03325929722649354,14.285714285714285,0,0,1,1196,10.0.2.15,50.697985307955925,4389.75,7,2570.285714285714
76.0,1754.385964912281,20.857142857142858,0,0,665.0,80,74.125.39.106,62,0.7142857142857143,Botnet,200,497.5,6,0.036591478696741855,14.285714285714285,0,0,1,1197,10.0.2.15,50.697985307955925,3990.0,7,2570.285714285714
84.8,2507.2082236429737,29.2,0,0,498.5625,80,74.125.39.106,62,0.6,Botnet,200,498.125,4,0.07321048013037483,20.0,0,0,1,1198,10.0.2.15,57.68327313875314,1994.25,5,3327.36
92.5,2003.255289846,36.5,0,0,665.5833333333334,80,74.125.39.106,62,0.5,Botnet,200,997.0,3,0.07311881807937899,25.0,0,0,1,1199,10.0.2.15,62.151025735702866,1996.75,4,3862.75
134.83333333333334,2004.3427426089859,79.5,0,0,598.7,80,66.150.188.209,62,0.6666666666666666,Botnet,531,996.5,5,0.1593452480374144,16.666666666666668,0,0,1,1200,10.0.2.15,177.19519996006915,2993.5,6,31398.138888888887
134.83333333333334,1839.9264029438825,79.5,0,0,652.2,80,66.150.188.209,62,0.6666666666666666,Botnet,531,997.75,5,0.14627414903403865,16.666666666666668,0,0,1,1201,10.0.2.15,177.19519996006915,3261.0,6,31398.138888888887
134.83333333333334,2004.008016032064,79.5,0,0,598.8,80,66.150.188.209,62,0.6666666666666666,Botnet,531,996.25,5,0.1593186372745491,16.666666666666668,0,0,1,1202,10.0.2.15,177.19519996006915,2994.0,6,31398.138888888887
134.83333333333334,2005.0125313283206,79.5,0,0,598.5,80,66.150.188.209,62,0.6666666666666666,Botnet,531,997.0,5,0.1593984962406015,16.666666666666668,0,0,1,1203,10.0.2.15,177.19519996006915,2992.5,6,31398.138888888887
134.83333333333334,1503.9478631407446,79.5,0,0,797.9,80,66.150.188.209,62,0.6666666666666666,Botnet,531,996.75,5,0.1195638551196892,16.666666666666668,0,0,1,1204,10.0.2.15,177.19519996006915,3989.5,6,31398.138888888887
134.83333333333334,858.860578299456,79.5,0,0,1397.2,80,66.150.188.209,62,0.6666666666666666,Botnet,531,997.25,5,0.06827941597480676,16.666666666666668,0,0,1,1205,10.0.2.15,177.19519996006915,6986.0,6,31398.138888888887
79.66666666666667,1505.2684395383844,24.33333333333333,0,0,797.2,80,74.125.39.147,62,0.6666666666666666,Botnet,200,991.5,5,0.03662819869543402,16.666666666666668,0,0,1,1206,10.0.2.15,53.893928744855444,3986.0,6,2904.5555555555547
71.1111111111111,1504.0735324838104,16.22222222222222,0,0,747.96875,80,74.125.39.147,62,0.7777777777777778,Botnet,200,996.875,8,0.024399415082515145,11.111111111111109,0,0,1,1207,10.0.2.15,45.637324988421106,5983.75,9,2082.765432098766
92.5,2005.5151667084485,36.5,0,0,664.8333333333334,80,74.125.39.147,62,0.5,Botnet,200,997.25,3,0.07320130358485838,25.0,0,0,1,1208,10.0.2.15,62.151025735702866,1994.5,4,3862.75
92.5,1622.8826452987119,36.5,0,0,821.5833333333335,80,74.125.39.147,62,0.5,Botnet,200,1003.5,3,0.059235216553402976,25.0,0,0,1,1209,10.0.2.15,62.151025735702866,2464.75,4,3862.75
92.5,1972.3865877712037,36.5,0,0,676.0,80,74.125.39.147,62,0.5,Botnet,200,998.5,3,0.07199211045364892,25.0,0,0,1,1210,10.0.2.15,62.151025735702866,2028.0,4,3862.75
134.83333333333334,547.0584212805727,79.5,0,0,2193.55,80,66.150.188.209,62,0.6666666666666666,Botnet,531,994.25,5,0.043491144491805515,16.666666666666668,0,0,1,1211,10.0.2.15,177.19519996006915,10967.75,6,31398.138888888887
134.83333333333334,1494.9545284664255,79.5,0,0,802.7,80,66.150.188.209,62,0.6666666666666666,Botnet,531,1000.75,5,0.11884888501308084,16.666666666666668,0,0,1,1212,10.0.2.15,177.19519996006915,4013.5,6,31398.138888888887
134.83333333333334,1505.2684395383844,79.5,0,0,797.2,80,66.150.188.209,62,0.6666666666666666,Botnet,531,996.5,5,0.11966884094330155,16.666666666666668,0,0,1,1213,10.0.2.15,177.19519996006915,3986.0,6,31398.138888888887
134.83333333333334,1502.8177833437696,79.5,0,0,798.5,80,66.150.188.209,62,0.6666666666666666,Botnet,531,997.25,5,0.11947401377582967,16.666666666666668,0,0,1,1214,10.0.2.15,177.19519996006915,3992.5,6,31398.138888888887
134.83333333333334,1473.658356870932,79.5,0,0,814.3,80,66.150.188.209,62,0.6666666666666666,Botnet,531,994.75,5,0.1171558393712391,16.666666666666668,0,0,1,1215,10.0.2.15,177.19519996006915,4071.5,6,31398.138888888887
134.83333333333334,1194.3863839952226,79.5,0,0,1004.7,80,66.150.188.209,62,0.6666666666666666,Botnet,531,996.25,5,0.0949537175276202,16.666666666666668,0,0,1,1216,10.0.2.15,177.19519996006915,5023.5,6,31398.138888888887
134.83333333333334,121.765601217656,79.5,0,0,9855.0,80,66.150.188.209,62,0.6666666666666666,Botnet,531,1993.0,5,0.009680365296803651,16.666666666666668,0,0,1,1217,10.0.2.15,177.19519996006915,49275.0,6,31398.138888888887
84.8,2504.382669671925,29.2,0,0,499.125,80,74.125.39.147,62,0.6,Botnet,200,0.0,4,0.07312797395442024,20.0,0,0,1,1218,10.0.2.15,57.68327313875314,1996.5,5,3327.36
134.83333333333334,212.15282074854588,79.5,0,0,5656.3,80,66.150.188.209,62,0.6666666666666666,Botnet,531,1001.0,5,0.016866149249509396,16.666666666666668,0,0,1,1219,10.0.2.15,177.19519996006915,28281.5,6,31398.138888888887
134.83333333333334,325.821341297855,79.5,0,0,3683.0,80,66.150.188.209,62,0.6666666666666666,Botnet,531,1035.0,5,0.025902796633179476,16.666666666666668,0,0,1,1220,10.0.2.15,177.19519996006915,18415.0,6,31398.138888888887
134.83333333333334,261.5974886641088,79.5,0,0,4587.2,80,66.150.188.209,62,0.6666666666666666,Botnet,531,997.0,5,0.02079700034879665,16.666666666666668,0,0,1,1221,10.0.2.15,177.19519996006915,22936.0,6,31398.138888888887
134.83333333333334,345.2541933998906,79.5,0,0,3475.7,80,66.150.188.209,62,0.6666666666666666,Botnet,531,999.5,5,0.02744770837529131,16.666666666666668,0,0,1,1222,10.0.2.15,177.19519996006915,17378.5,6,31398.138888888887
134.83333333333334,2005.0125313283206,79.5,0,0,598.5,80,66.150.188.209,62,0.6666666666666666,Botnet,531,997.25,5,0.1593984962406015,16.666666666666668,0,0,1,1223,10.0.2.15,177.19519996006915,2992.5,6,31398.138888888887
134.83333333333334,1502.6296018031555,79.5,0,0,798.6,80,66.150.188.209,62,0.6666666666666666,Botnet,531,997.25,5,0.11945905334335084,16.666666666666668,0,0,1,1224,10.0.2.15,177.19519996006915,3993.0,6,31398.138888888887
134.83333333333334,1505.64617314931,79.5,0,0,797.0,80,66.150.188.209,62,0.6666666666666666,Botnet,531,993.5,5,0.11969887076537016,16.666666666666668,0,0,1,1225,10.0.2.15,177.19519996006915,3985.0,6,31398.138888888887
175.25,2005.2638175209927,119.25,0,0,664.9166666666666,80,66.150.188.209,62,0.5,Botnet,531,993.75,3,0.2391277102393784,25.0,0,0,1,1226,10.0.2.15,205.41832318466626,1994.75,4,42196.6875
